"submission_id","student_uid","form_id","submission_time"
"xX2AlBy","07w64ccmvfWc3MvWHrL5bg4rKzw1","mOEg8k","2025-07-31T06:27:52.084Z"
"J9LP5v7","0I4nEwZbZFdEXDnWfq4ARc8qfxo2","mOEg8k","2025-07-31T03:30:38.253Z"
"eqLVQVQ","0IMn4nVaP8hUGPvCdDbaHwyGZGq2","mOEg8k","2025-07-31T04:37:45.930Z"
"q4O9dY5","0IMn4nVaP8hUGPvCdDbaHwyGZGq2","mOEg8k","2025-07-31T04:48:44.332Z"
"0QLKa40","0OItp8TBAYh37yIPqIlPjkcoiAk1","mOEg8k","2025-07-31T06:38:38.585Z"
"44LMBxr","1aiiWpw0xWNsMjAEkdhhU7gOME82","3E6g8A","2025-07-31T04:10:03.358Z"
"9qOkVjX","1xaUfRcO7pdX3tx3QEjHKr7Xiru1","wzdOWZ","2025-07-31T03:21:14.885Z"
"xX2APYv","2IrpZXMgEvhX2BTYM2BprYgDzgK2","3E6g8A","2025-07-31T05:41:20.254Z"
"A7xEja0","3dR2xiexzSObmNrx2QzGK27ZaBH2","mOEg8k","2025-07-31T06:28:21.470Z"
"44L5R4A","3mL0yNtbOXR2RRH0Smx8VboG1Xz1","mOEg8k","2025-07-31T15:07:44.166Z"
"lbLxWqN","4B4gq2X6oyXmLQmFNCb2HpDoWZF2","3E6g8A","2025-07-31T05:37:54.491Z"
"XxEaXgd","4npGfQ87TOclUQmp5rVTBHAzHRF2","wzdOWZ","2025-07-31T03:01:11.207Z"
"44LMKvb","52JaTuu2ZrRnDqTiLcuhk7QcFiV2","mOEg8k","2025-07-31T04:41:56.830Z"
"VLVKOGg","5AFWTD69REO5q2TJ0PxyW1wcwa92","3E6g8A","2025-07-31T07:47:28.520Z"
"2ELWMNL","6xHkwC7MQdaVGFJzX43vgI4ZmU43","mOEg8k","2025-07-31T03:31:59.028Z"
"b5LoePE","7InBnhrtspb45tosLzcfOedZKCI3","mOEg8k","2025-07-31T04:43:45.090Z"
"zxZ9lVM","7JEhC7vxIuZnR9iO53kuvQwt3hE2","wzdOWZ","2025-07-31T03:19:38.412Z"
"J9LQMWX","7MTEi3GE2WPt60HlSTZJQsruTwb2","mOEg8k","2025-07-31T06:55:30.109Z"
"vG4ZR14","7StIsxxOZRddxAoJ9U8Qh8G8j3d2","3E6g8A","2025-07-31T03:10:56.834Z"
"0QL9XzQ","83xuSiW79BfZPlAt5sPGFOHHnEA2","3E6g8A","2025-07-31T03:13:29.802Z"
"oboqblO","8Lluuv1vxDVYNlQT9a95Auuesxa2","3E6g8A","2025-07-31T04:02:10.100Z"
"ZjlMMQy","8TA22qstwHMRl3uPDbvh91cAo8F3","3E6g8A","2025-07-31T07:55:50.632Z"
"1AMeqAQ","8c4B6Nodatfk1oSnUb4oSKQORB43","3E6g8A","2025-07-31T03:16:18.441Z"
"jaLjZ44","8hXgPrIee3V65X4pLYKGEb0khhY2","3E6g8A","2025-07-31T04:06:11.421Z"
"68RgLRB","9OyqGFNr6ySocQQ6kK2ZAYgQIeF2","3E6g8A","2025-07-31T04:13:44.851Z"
"D458lxE","A9dJZO1SSwNqZxxJ3DW15qW9x692","mOEg8k","2025-07-31T03:31:20.632Z"
"VLVKPdy","Ar7I6hWxyca8OdzPSxTmHNqWwWu2","mOEg8k","2025-07-31T04:37:31.360Z"
"yPxBxzX","At7MDNdsbqObzzFQcoe797eIhyE2","3E6g8A","2025-07-31T05:42:40.057Z"
"D45jDKN","CCsbVux4P4g1fj0E1OjMutZ7hrz1","3E6g8A","2025-07-31T05:38:47.513Z"
"eqLV5Qe","CLHkM4PVXmVqbIywFyaP6ff3paV2","3E6g8A","2025-07-31T04:03:23.760Z"
"BzZr2N1","CVNSqkcRr1W7jazONeqOXwcUaYB3","mOEg8k","2025-07-31T06:30:20.478Z"
"jaLRdxx","Cdrh5s3Kw8PLni419l5sMWkkzwi1","mOEg8k","2025-07-31T03:31:03.817Z"
"NpLaLdj","DHzmVoIkdkRCVK6LoM5mv4NQVPr2","3E6g8A","2025-07-31T05:39:35.795Z"
"VLVekzJ","DWScXRZH6ROmDwqH9pBj4Cc0eZR2","mOEg8k","2025-07-31T03:31:24.463Z"
"68RgBLY","Dczobft574U1SDo8OIpstvGcSzJ2","3E6g8A","2025-07-31T07:50:11.714Z"
"lbLxEao","Dczobft574U1SDo8OIpstvGcSzJ2","3E6g8A","2025-07-31T07:49:11.861Z"
"rjV4NLl","Dj6czajSbxe5ZGj3vvGgnTzIyT92","mOEg8k","2025-07-31T03:32:15.522Z"
"Pdl7GrV","E4W2WTxksJZNQX3MpU0O9cFfDAo2","mOEg8k","2025-07-31T06:27:18.304Z"
"vG4ZQ8Q","EYo71kWu1Ja1zHXmjPid6c8tz6R2","mOEg8k","2025-07-31T03:28:21.642Z"
"QKdb7N7","Eks4Fk6k3mW8EEodmGa7Kj3Sq2w1","mOEg8k","2025-07-31T04:49:09.751Z"
"jaLjeG1","F4XIE5TvVffb2xidUjsnG6mLv5D2","3E6g8A","2025-07-31T04:08:57.463Z"
"b5LoWoo","FSTyW1n6FFZmedGBYSyxPOJSeWG3","mOEg8k","2025-07-31T04:49:35.103Z"
"44L6WEd","FTumKgn80lePxbQjPLOjGGwYOV43","mOEg8k","2025-07-31T03:38:54.525Z"
"9qO8B5E","GHQjEbMaubceunSeM7D24van7U03","3E6g8A","2025-07-31T04:10:59.387Z"
"kd5oVBM","GLHqEprjTQMghYhGimS2gU6pglE3","mOEg8k","2025-07-31T03:28:05.673Z"
"44LMpGX","GLmYRknCn0MpEoRn3XEO2oCStki1","mOEg8k","2025-07-31T06:29:40.883Z"
"dWlOERD","Gjwoe7ve13bFm7fZZM8kYWjsfAs1","3E6g8A","2025-07-31T04:10:02.270Z"
"D45Q2Pj","H6hKQc8WUNZs6WDcHNFMMm1QshU2","wzdOWZ","2025-07-31T12:47:04.338Z"
"GxLGWJk","HAo8f9mWUGgFGTGObAZ1UImULsL2","wzdOWZ","2025-07-31T03:07:37.797Z"
"oboqvbO","HokyWRSb3JTodCLNFe5AC0X2Hge2","mOEg8k","2025-07-31T06:31:44.199Z"
"QKdb5YY","I1H0mvHgIGXsJpdPJWoUE9HjNS13","mOEg8k","2025-07-31T04:53:43.059Z"
"Y5r1YRW","I3Sq7kIrp7c051XoyxZOD78kveZ2","3E6g8A","2025-07-31T05:37:50.447Z"
"NpLaRyQ","IE3qIenXBEX1AVtiLq8X8NTquFZ2","mOEg8k","2025-07-31T06:25:20.568Z"
"Pdl7YDB","JFtSBF8JWsW6mxycxbwK2zHDECr1","3E6g8A","2025-07-31T05:38:51.553Z"
"GxLZlOe","JbAfMkA6wFfmyiTfA0j5ADg95hs2","mOEg8k","2025-07-31T05:09:28.037Z"
"5BLJppE","KSNLgw1eMPbW76DOJU6mCEkCLIN2","mOEg8k","2025-07-31T06:24:25.664Z"
"aQ0L80E","KUzOZqRX4qNnuh6znjlGz10rMjC3","mOEg8k","2025-07-31T03:33:02.626Z"
"81GBOAO","KYMOdMCkDkdIvzVnMGiaM5OYL002","wzdOWZ","2025-07-31T03:05:55.741Z"
"zxZ9l5g","KYqIKWsJdgX17YKGkr6x8lnA1sn2","wzdOWZ","2025-07-31T03:05:57.722Z"
"1AMLXvW","LnpHQk0n6pNqhRZtjNO0WuXUK3G3","3E6g8A","2025-07-31T04:13:44.384Z"
"QKdbZNX","M1Xz3WjlEFddj0mmRTRydtPW7582","3E6g8A","2025-07-31T07:52:11.837Z"
"GxLZL5k","M82LoDEKn3NjEvpJgT43qQZxC8l2","3E6g8A","2025-07-31T05:42:31.162Z"
"5BLJaJQ","MG5tOf346vg2r2xrvGthljxUBoe2","3E6g8A","2025-07-31T07:42:59.611Z"
"eqLVark","MOw19caQH2VUNgqJh7GvqKQhImv2","mOEg8k","2025-07-31T04:44:13.041Z"
"1AMLAYO","MQqiCk0GkNeLbLcbIvDudwLdYjo1","mOEg8k","2025-07-31T03:39:07.539Z"
"eqLJk4Q","MoLvwMrhDlOKehIIbE540z03KQp2","mOEg8k","2025-07-31T03:31:09.773Z"
"44LMQ6k","Mvo7CmwmRPNlNXhYYW8BowYBroB2","3E6g8A","2025-07-31T04:06:31.004Z"
"pbGQpgE","N0IIdmwDzEe4F4Q7QWG6XnJIs8r2","3E6g8A","2025-07-31T07:46:29.015Z"
"ODL6NGR","N966ESXryDY6Ptl8FbbAcAJ7af73","3E6g8A","2025-07-31T07:52:42.569Z"
"1AML99l","Nnmkc5jkXLRqFNqYJ5aI00p8U9C3","mOEg8k","2025-07-31T04:44:04.911Z"
"gDLEkRP","NtaLKYECycfqVwKOhfQ0tLR0uhj2","mOEg8k","2025-07-31T06:43:48.061Z"
"81GXLXY","O69Mbyxx6KbqoskljL8VIsjQdE42","mOEg8k","2025-07-31T04:30:37.714Z"
"PdlxKq1","OFGAr3oRuUM0bU83wFUE4w4wBK22","wzdOWZ","2025-07-31T03:09:17.715Z"
"KYL9xGX","OGVKCRmGA4h29MaDClbIvnAbDlB3","mOEg8k","2025-07-31T04:39:30.254Z"
"xX2qOd9","OKUiNAjvrkOVQZhR2dEiifTZBCD3","3E6g8A","2025-07-31T03:23:05.806Z"
"ODL6xxA","OSpaglBnE6gAHDnbp812HTPnFaw2","mOEg8k","2025-07-31T07:51:42.729Z"
"44LMzkb","Of6wApfUZ3OADTnwkxOArSSsgji1","mOEg8k","2025-07-31T06:30:48.516Z"
"81GXLeY","PVRqVWW6spdHayzI2UfZg7hep4r1","mOEg8k","2025-07-31T04:43:08.094Z"
"q4O9GWk","PaPEdrrPzeXgtsZS8tRyR3nlo0W2","mOEg8k","2025-07-31T04:32:48.820Z"
"7RoyrA9","PlaYQKXOlFVTUDEXIxkfGwuEr4f1","3E6g8A","2025-07-31T07:49:29.393Z"
"gDLlykK","PmTCdB7LkbXtvBWqDg63KIb4K5y1","mOEg8k","2025-07-31T03:29:10.388Z"
"zxZkZD1","QMAism5ni8SCFEiSDU3X56gOlVk1","3E6g8A","2025-07-31T05:42:34.011Z"
"b5LpB1Z","QlA757QcATdoDrNlqYrJJIorwii2","mOEg8k","2025-07-31T03:40:53.147Z"
"2ELpA9p","RHsIy8K03HR4nDq9B2Qjo4GsQOf1","mOEg8k","2025-07-31T04:42:25.140Z"
"QKdZgxg","RoO5Ey1py3hzMfDjhRWZi1diMo52","mOEg8k","2025-07-31T03:40:44.489Z"
"rjVekbv","RwGcZejZPEP3MhjqJ0Pi1FYVQM52","mOEg8k","2025-07-31T06:28:00.651Z"
"KYLE7E8","SUI3gqcnqrNbT7uZIuavKTEaDDi1","mOEg8k","2025-07-31T03:31:11.879Z"
"81GXNg5","SVKSSDbepxYgUttlmpSi68z54l93","mOEg8k","2025-07-31T03:44:47.524Z"
"BzZyPJN","SfprOb94urPRIYWuxUGeM5zyN932","mOEg8k","2025-07-31T03:28:51.988Z"
"oboqLKb","Sncl9dnIXgYdcwRuDmW7FQVwo2H2","3E6g8A","2025-07-31T07:49:33.591Z"
"rjV479X","THU9PTJhn1S9sjmEIaPgA37OREc2","wzdOWZ","2025-07-31T03:07:40.767Z"
"PdlxV81","TSoj7A6cdrTG1smGdZCyjygVRmq2","3E6g8A","2025-07-31T03:24:49.737Z"
"BzZyPDA","Td2yOSsmGqSRI9iEwjl1RFfet6n2","mOEg8k","2025-07-31T03:31:54.656Z"
"QKdb2al","Tl1zD9eJWaReOuOAmdYnv3B6d5s2","mOEg8k","2025-07-31T03:30:50.340Z"
"MeLWY7E","U5QL4TXk02PsuHdbyCzACKw1DPl2","3E6g8A","2025-07-31T05:39:49.705Z"
"1AMLMJ4","U5gKsj0NogTfhbTnGDuxEwOzxpB3","3E6g8A","2025-07-31T05:39:03.971Z"
"rjVe8ql","UATN8fWoQidaf8IPlNY8mPtTmKG3","3E6g8A","2025-07-31T07:45:39.935Z"
"ODL6XJA","UM3DENfjiFe6tUt15XaOJCmIUVd2","mOEg8k","2025-07-31T04:39:45.661Z"
"jaLj8EE","UulXUoXF27aZUfbH0BUXy6qe2iA2","3E6g8A","2025-07-31T07:42:25.616Z"
"5BL7y5E","Uz01RNCerneVxe5RLfeiry2gpPE2","3E6g8A","2025-07-31T03:29:30.308Z"
"1AMeZA4","VEjFY2oQMdO1Zk6JmSy0ja1AjJv2","mOEg8k","2025-07-31T03:33:00.002Z"
"81GXLJk","VvdoHuQR1paRddM4MMVu3zHZYev2","mOEg8k","2025-07-31T04:34:00.267Z"
"gDLE9pP","W69T1qFoAbWsVzrml1pKcGmIQxJ3","mOEg8k","2025-07-31T04:41:18.971Z"
"EkL2KZq","WPHnDEGm4fd8VmkS0mtSXqyVmwG2","3E6g8A","2025-07-31T04:11:16.329Z"
"44LMrEo","WPKr7oTOnOR7U6qlTyEajIz4DpH2","mOEg8k","2025-07-31T05:09:31.734Z"
"GxLZAxZ","WZzRWlzpjaa5AgCRKM1KyV9o5LD3","3E6g8A","2025-07-31T07:45:56.021Z"
"WOPLAAj","WmcBpJ1kZkUT8bH0it9EiDiafWj2","mOEg8k","2025-07-31T05:13:52.854Z"
"jaLRN41","Wt0uGQOuW4MYgbLsKyzZzdcIYiM2","3E6g8A","2025-07-31T03:14:51.078Z"
"1AML9Xg","XKKSOBxIPQfYcMU8WHQ8lc0e2673","mOEg8k","2025-07-31T04:42:19.587Z"
"PdlxK7B","XKT7oHR0PFTI1BVCSMUq4ox4PJL2","3E6g8A","2025-07-31T03:23:03.739Z"
"EkL2LQo","YGp8vEIIk7aeN3QyQAVxOBAHfdl2","3E6g8A","2025-07-31T05:42:37.019Z"
"b5LovL2","YTaVuIe877Vq3mvZAU0GAVkpeJo2","mOEg8k","2025-07-31T06:44:37.389Z"
"jaLR1R9","YWt8JTsYMFX9xCZRSI9reeqS5Jw2","3E6g8A","2025-07-31T03:27:04.489Z"
"ODL2p5g","YXq9Aavzkicxsx6yYh5XNFQ415f2","mOEg8k","2025-07-31T03:31:45.203Z"
"oboq7zM","YiMLEl2VAaRWrurvduewp6WuClp1","3E6g8A","2025-07-31T05:52:30.181Z"
"BzZrDj4","ZSRQJXhph5eJWFfnp3iBdI09gjl1","3E6g8A","2025-07-31T05:38:53.521Z"
"aQ0R4gB","ZXmjsrMXTrWRtt3GODON8TOJB6w2","mOEg8k","2025-07-31T04:38:57.846Z"
"NpLaXxQ","ZdCfbz3kaBYO480PWDV3sRjfNkk2","mOEg8k","2025-07-31T04:36:13.101Z"
"9qO8qKK","a8zAum3xVneBANihWxGvxevzOsx2","3E6g8A","2025-07-31T04:00:40.910Z"
"gDLE8lJ","amrF0GQqUKP6trgoCvEzO2u4Mtw2","3E6g8A","2025-07-31T07:52:10.455Z"
"GxLZ502","ayXvyaaI9hS6tmNcDRkaFoTu72D2","mOEg8k","2025-07-31T06:35:57.315Z"
"A7xEj00","b8XmaLVdHVeNolHYlneSuMiDEBc2","mOEg8k","2025-07-31T06:42:54.743Z"
"PdloBpB","bBpDMMjItbSTFOKg9BYd6Ex1h1v1","wzdOWZ","2025-07-31T10:22:41.356Z"
"J9LQOqr","bQnosOKMPwX5I4zpb7LXroHpWIF3","mOEg8k","2025-07-31T04:44:41.551Z"
"81GXZZP","bRqW7B5cNXYlrTSqGukTEKegj7n1","mOEg8k","2025-07-31T04:39:36.300Z"
"MeL4odl","bZKeL0cOvHWKXm6GDlyCrBsDcb02","3E6g8A","2025-07-31T03:26:09.846Z"
"lbLxOKX","boCi6KQknOMIw1YDdkieSuEDjRi1","mOEg8k","2025-07-31T04:20:07.124Z"
"ZjlMOb0","cGhbTyiJJseksg47JHgOtGluD543","mOEg8k","2025-07-31T04:37:43.043Z"
"44LMQ7A","ctlEt3Fhm7cSrrQQwT9GIEA2PVI2","3E6g8A","2025-07-31T04:04:09.685Z"
"KYL9x27","dGS3PKloy2hH9AM1hjbThVvd2R23","mOEg8k","2025-07-31T04:37:36.757Z"
"44L6g5B","dJDQ5zxkipZaXGSMZeWwCqX6rFp2","mOEg8k","2025-07-31T03:33:31.533Z"
"GxLZKKz","dXOoXq7ycyXLvxpO5nmZFmJLjf82","3E6g8A","2025-07-31T04:16:04.756Z"
"5BLJaAv","djEdw8Tc3mOrdybutdlUpeJC2Pt1","3E6g8A","2025-07-31T07:42:26.169Z"
"BzZrp0R","e2pgxhzvMFWHLZRcLUlg1K5lO2a2","mOEg8k","2025-07-31T04:38:02.882Z"
"GxLGNq2","e933jH2FGhOn0qX5NoP1eIpgtvV2","mOEg8k","2025-07-31T03:37:17.696Z"
"b5Lorko","eBAb2pNBbsfsyfRa9bwxcy8ydTf2","3E6g8A","2025-07-31T05:38:36.889Z"
"eqLVMpQ","eQeZDDM7SsT19l2ETLoA6L36dZf2","3E6g8A","2025-07-31T04:12:09.037Z"
"b5LoQLE","ebhfDlMiTOcblrFId4m4KbOe6FI2","3E6g8A","2025-07-31T07:49:31.180Z"
"XxEpYG4","ek0UPqNq30NnvJa0l0YxUBmDdew2","3E6g8A","2025-07-31T05:37:56.054Z"
"Zjl7x5A","eqySGhGsYje4dJlUp66dWqocVv53","3E6g8A","2025-07-31T03:09:13.445Z"
"q4O9GBd","f963I7izWHSoUWSRa0bYIO1RMnB3","mOEg8k","2025-07-31T04:40:47.175Z"
"EkL2OKl","fSs3j2xq2AXEijByqdTDAUY5wij2","3E6g8A","2025-07-31T07:45:29.863Z"
"eqLVMlx","fiOTnPJscSXl1iOvQCBhSvLeXY62","3E6g8A","2025-07-31T04:09:56.096Z"
"J9LQ607","gA3XQ3jmr8gsCbpHAkSxqQsUm6y1","mOEg8k","2025-07-31T04:57:06.431Z"
"dWlO08r","gKyrMQVnPVVK5qrahXE3DAI1Wrl1","mOEg8k","2025-07-31T04:39:31.722Z"
"5BLJpyN","gNY0vuQTSvZuES0ak1mn1nAN4s33","mOEg8k","2025-07-31T06:44:07.754Z"
"yPxB2Od","gugu3K4KMtcyMY171pww8SeeoiB3","mOEg8k","2025-07-31T04:23:16.080Z"
"0QL9XgQ","gvydBcZ2aNNrGEsUdqSBoXbuiRd2","wzdOWZ","2025-07-31T03:04:19.715Z"
"2ELpEZV","hkSFcYjiPgTHaBLz1lL5IL01xJj2","3E6g8A","2025-07-31T03:59:00.221Z"
"68RlbZY","hwCGC5qi5TZAPKPnrpuxX1imSz03","mOEg8k","2025-07-31T03:29:47.313Z"
"RGRAMal","i5mzJHRn3XfEh29hbWtEcx3Ubo93","mOEg8k","2025-07-31T04:32:38.553Z"
"aQ0RvjW","iM6fOM2btvYnva7MZV4PTF8bKcy1","mOEg8k","2025-07-31T06:44:29.646Z"
"EkL2ooA","ijrHg28HI9O4FIATufsfl59ldUh1","3E6g8A","2025-07-31T07:43:26.323Z"
"7Roy776","jVwO4JS0v9X3kxwGLn31jS4DxSw2","3E6g8A","2025-07-31T07:46:01.104Z"
"pbGQzBB","jhmAjbAWyyT8Plwo6rqPO9LuGoq1","mOEg8k","2025-07-31T06:29:26.462Z"
"XxEpPBe","jqTxW8zbOseox0f7W631uhXwV3K3","3E6g8A","2025-07-31T07:49:30.131Z"
"44LMzp5","jsqXKXh2RfTVAm7r6CtSFcuKJfm2","mOEg8k","2025-07-31T06:55:40.082Z"
"jaLjl59","k1lZKpP8yIXMEirOt3vEtgq0iV32","mOEg8k","2025-07-31T04:40:39.454Z"
"gDLE8rN","k4fNHcEC0CVD9zAkgEapMz0WMCf1","3E6g8A","2025-07-31T07:42:06.230Z"
"0QL9poP","kXGkhjLYSLYxUt9F3ClAn0gWh7B3","mOEg8k","2025-07-31T03:30:40.615Z"
"J9LQO9X","kZPWGcfpBaVrpLL1SEkIK1BGvHx2","mOEg8k","2025-07-31T04:41:59.143Z"
"44L6gXA","kijpoLU09YZhDaRGlSyDNiNt9D22","mOEg8k","2025-07-31T03:30:39.745Z"
"ODL2Wpk","ksOvXmdFE8YVDXxViEIzNCkWAMy1","3E6g8A","2025-07-31T03:38:11.782Z"
"oboPXQV","lMJ81oTYy8cy3ekDYZD8GWDL9Rm1","3E6g8A","2025-07-31T03:15:18.989Z"
"oboPWgX","ljNUNuOnyFaM9fgjYDQ2VRMU8rE2","3E6g8A","2025-07-31T03:13:44.325Z"
"VLVKPav","lrqfZoXpA4eLwdZKP4E5vlse5Yb2","mOEg8k","2025-07-31T04:24:53.071Z"
"LZXepbl","m9hxpBqmM0M02y34BvY5xYuOcFI3","mOEg8k","2025-07-31T04:41:38.088Z"
"vG4Z7WX","mTzDFdZH4felI3N1MWx7luxC7NI3","mOEg8k","2025-07-31T03:29:05.039Z"
"VLV2vaJ","mqHvk0ZY4DQ2Wln5jtAAQuuWaTG2","wzdOWZ","2025-07-31T18:20:00.500Z"
"yPxQWQ0","muuxKoee7NenCt8KUURi0zdlmGG3","3E6g8A","2025-07-31T03:34:45.880Z"
"xX2Avxv","nAhLzW5Ws1Nn7y0kNkQpmli9l6h1","mOEg8k","2025-07-31T06:32:18.716Z"
"gDLEaRN","nUfGJ9lvF8NhjvRDtdU7eZ8TkW62","3E6g8A","2025-07-31T04:05:52.623Z"
"44L6WAB","nZWwbxGflXfcorGpsZ620AfYe283","mOEg8k","2025-07-31T03:31:08.008Z"
"NpLjKWj","nqUv7GJGt3gP4fYftOkIQyv4R433","mOEg8k","2025-07-31T03:32:26.480Z"
"0QLKNY9","oR0Cm8PjHTNIYiEsclEuQtlW1T63","3E6g8A","2025-07-31T08:27:42.441Z"
"aQ0L8a2","oj78uLM5AJTJ2Ty1ydA4LVP4dJ72","3E6g8A","2025-07-31T03:29:13.904Z"
"xX2ArGo","ooEOQLVmH7P6QBWQwfSe9kMXwD73","3E6g8A","2025-07-31T04:09:22.614Z"
"7RoAGr2","p0mp2bo2r4UqSbVcUvC5GVmhmTD2","wzdOWZ","2025-07-31T03:08:27.580Z"
"kd5oDBe","pfpyzV8RseZ3zkxKQOmWLEHJECt2","mOEg8k","2025-07-31T03:39:13.641Z"
"kd52vZ6","px5rcwkFsUaw1nKbBjpSTIDOs1z1","mOEg8k","2025-07-31T06:29:15.048Z"
"9qO8Zk1","qJlUmTo7TLQYd2Bsz3g34rmKub92","mOEg8k","2025-07-31T04:44:08.822Z"
"kd52dDo","qmvvTAm3QzTQQ9B7SvXm8hjBOLZ2","3E6g8A","2025-07-31T04:00:40.527Z"
"q4O9GE8","rWUyWB9dMCOzVKofZ4CCswu1mN82","mOEg8k","2025-07-31T04:38:10.303Z"
"5BLJbdo","sIASuivhF4aalspwv7MerMMcmky1","3E6g8A","2025-07-31T04:08:23.944Z"
"q4O9Lg5","sjcoZGMKgnfn8Jd38JsaAG1cJCr1","3E6g8A","2025-07-31T04:08:37.888Z"
"0QLKqX9","tWQNIIRMePMECiWfd8B0cvYI4hH3","3E6g8A","2025-07-31T07:42:43.045Z"
"0QLKe20","tZhm4cJADcXUaoV1AfV22YKhGIo2","mOEg8k","2025-07-31T04:54:28.388Z"
"vG4lPXg","tae5xbBZ8JhQBy0CBAcdgmRnqZp2","mOEg8k","2025-07-31T04:44:12.104Z"
"MeLWMVl","teaZAc76cdcNFscSdA7TPGxmCZ23","mOEg8k","2025-07-31T06:30:39.246Z"
"2ELpGOM","tt9VhR1IMFcr2QCj03thCNabNno2","3E6g8A","2025-07-31T07:47:29.349Z"
"BzZr77e","ttR6zSi8RRMlxK50FUp564VFrj52","mOEg8k","2025-07-31T04:42:19.529Z"
"7RoyqrZ","txQhhCXWk7eeECEFcSr6Gpn4lvM2","3E6g8A","2025-07-31T04:09:52.065Z"
"ODL6Mba","uceNdFFb5YWFWUFtnByjTLpDYjb2","3E6g8A","2025-07-31T07:45:36.676Z"
"VLVKWDJ","upwtI0fZyHhfMYYvAwTVgsf2Oml2","3E6g8A","2025-07-31T07:36:58.655Z"
"rjVe5QR","vGeotmtfeUOjbT3fL5ngGUT5Up33","3E6g8A","2025-07-31T04:05:03.784Z"
"D458Qxq","vbNw6yV0zjMJKYeRlBSZKHie7Ie2","wzdOWZ","2025-07-31T03:07:53.726Z"
"gDLEbyM","vdgrprIlRiTyOaS2K1ru4ICRZ4s2","3E6g8A","2025-07-31T04:09:32.078Z"
"dWlOe2D","wIp5pJvQXLNILjXduCrP1fw6vX52","3E6g8A","2025-07-31T07:46:41.955Z"
"PdlxaJb","wRxoG9tj3KZiBxrAPFSwsxhKDwy1","mOEg8k","2025-07-31T03:33:40.271Z"
"LZXrRBG","wWTpqJ2SVLWzOjfRq2mMbtW3DgB3","3E6g8A","2025-07-31T03:28:04.933Z"
"KYL9Kdz","wtb9v6F9yZaUmODlA5e7M8ilfTB3","3E6g8A","2025-07-31T07:47:50.225Z"
"9qOkegE","xNoQUH9wNAeRJQC4QcOhs452xka2","3E6g8A","2025-07-31T03:13:34.413Z"
"KYLE7D7","xOCyN9xRaTguRrmv7f0GQp4bI4u2","mOEg8k","2025-07-31T03:40:37.036Z"
"vG4Z7b4","xdhhlMnlT3ahGFftyaPSxGsVeKO2","mOEg8k","2025-07-31T03:39:48.980Z"
"MeLWLGA","xrybomIyB5SDZZTq6Tm2vX7Pv9i1","3E6g8A","2025-07-31T05:40:46.194Z"
"xX2A8EJ","xwgiNo9uJDcb1KNsyIIYstGkSA03","3E6g8A","2025-07-31T07:53:38.185Z"
"GxLZRo2","y4mXBRDfrzgTnkXRdkMCDwhtG8o1","mOEg8k","2025-07-31T04:39:24.232Z"
"pbGQoQZ","yjlHJZiKFJfM8AzH1AQ7isHCNeL2","mOEg8k","2025-07-31T04:25:53.398Z"
"2ELpXge","z884LPpQBiaHsmagq5KvEJGPcsh1","3E6g8A","2025-07-31T04:07:50.639Z"
"1AMLVk4","zDpVV29w87Tc81TxYAAk55IFsyI2","mOEg8k","2025-07-31T04:52:07.776Z"
"PdlxKL0","zFNNR1z8N0MGPmJ6hP7YprXcijE3","3E6g8A","2025-07-31T03:21:52.693Z"
"oboqk5x","zfM3Ieg2x0eL7b6AI1lwm5MaXOp2","mOEg8k","2025-07-31T06:39:43.031Z"
"RGRN7M9","zh9d8CsGEWgLnzvRzbSVLTUZ0IF2","3E6g8A","2025-07-31T03:32:58.869Z"